{
    "CICADA_v2p1p2": {
        "0.0": 29065.2,
        "1.0": 22674.89867910121,
        "2.0": 22540.363775803326,
        "3.0": 22390.551581549957,
        "4.0": 22233.159956124873,
        "5.0": 22060.27786824261,
        "6.0": 21874.794976037367,
        "7.0": 21677.563965515976,
        "8.0": 21470.017822884332,
        "9.0": 21250.17879032107,
        "10.0": 21018.840339526974,
        "11.0": 20773.325983869534,
        "12.0": 20512.35669433853,
        "13.0": 20242.87238760055,
        "14.0": 19961.28467671025,
        "15.0": 19672.638620541285,
        "16.0": 19369.79297378657,
        "17.0": 19052.297707720278,
        "18.0": 18726.630867421987,
        "19.0": 18386.871022288793,
        "20.0": 18026.279584294596,
        "21.0": 17640.26152329155,
        "22.0": 17228.18916763574,
        "23.0": 16790.65466038746,
        "24.0": 16326.047372422725,
        "25.0": 15830.482845266028,
        "26.0": 15299.650277438457,
        "27.0": 14729.92575341104,
        "28.0": 14128.42683276846,
        "29.0": 13501.975003565261,
        "30.0": 12845.015963895921,
        "31.0": 12168.125388817223,
        "32.0": 11476.6917801778,
        "33.0": 10790.94274491716,
        "34.0": 10106.141138552985,
        "35.0": 9423.909433070468,
        "36.0": 8759.915733844884,
        "37.0": 8123.859344203781,
        "38.0": 7511.311034056192,
        "39.0": 6924.449889863982,
        "40.0": 6357.67423827681,
        "41.0": 5823.087483447001,
        "42.0": 5323.958255067357,
        "43.0": 4845.554033797864,
        "44.0": 4398.770251947855,
        "45.0": 3980.7290942443237,
        "46.0": 3592.934604060405,
        "47.0": 3238.075110889816,
        "48.0": 2909.447555290074,
        "49.0": 2603.7951504295834,
        "50.0": 2326.802469687129,
        "51.0": 2074.4310973915326,
        "52.0": 1843.5900467680801,
        "53.0": 1632.5621029419315,
        "54.0": 1444.0948097128314,
        "55.0": 1276.5183236507626,
        "56.0": 1127.807515489533,
        "57.0": 992.2422832667411,
        "58.0": 869.5265554522422,
        "59.0": 763.1066046569241,
        "60.0": 669.8559155224555,
        "61.0": 587.1216871387372,
        "62.0": 511.2681611155886,
        "63.0": 444.178352384732,
        "64.0": 386.40887542283997,
        "65.0": 335.2714007361959,
        "66.0": 290.62381399033023,
        "67.0": 251.87397212495287,
        "68.0": 217.89680332551285,
        "69.0": 189.28445065230022,
        "70.0": 163.39595605642157,
        "71.0": 140.43264817837553,
        "72.0": 121.03404152327525,
        "73.0": 104.66720733685976,
        "74.0": 89.48465927102426,
        "75.0": 77.25098364543292,
        "76.0": 66.73452289468258,
        "77.0": 57.781319823097846,
        "78.0": 49.50315984024369,
        "79.0": 42.44481456158694,
        "80.0": 36.16809812251298,
        "81.0": 31.324367889340806,
        "82.0": 27.19120932851663,
        "83.0": 23.768622440040453,
        "84.0": 20.547364192062872,
        "85.0": 17.68139178025929,
        "86.0": 15.064119453777508,
        "87.0": 12.96793302035092,
        "88.0": 11.19150383948093,
        "89.0": 9.78220335599074,
        "90.0": 8.420274317323747,
        "91.0": 7.2004596131263545,
        "92.0": 6.004330631340563,
        "93.0": 5.376658987433167,
        "94.0": 4.571344425438772,
        "95.0": 4.038415671177775,
        "96.0": 3.5054869169167784,
        "97.0": 2.9725581626557815,
        "98.0": 2.6883294937165836,
        "99.0": 2.344886518748386,
        "100.0": 2.0369721273975876,
        "101.0": 1.8001149032815886,
        "102.0": 1.61062912398879,
        "103.0": 1.3500861774611916,
        "104.0": 1.1842861205799926,
        "105.0": 1.0540146473161935,
        "106.0": 0.8763717292291946,
        "107.0": 0.8171574232001949,
        "108.0": 0.7105716723479956,
        "109.0": 0.6039859214957963,
        "110.0": 0.5566144766725966,
        "111.0": 0.47371444823199704,
        "112.0": 0.4263430034087973,
        "113.0": 0.3908144197913976,
        "114.0": 0.34344297496819787,
        "115.0": 0.30791439135079807,
        "116.0": 0.28422866893919824,
        "117.0": 0.24870008532179846,
        "118.0": 0.21317150170439866,
        "119.0": 0.18948577929279883,
        "120.0": 0.18948577929279883,
        "121.0": 0.14211433446959912,
        "122.0": 0.11842861205799926,
        "123.0": 0.11842861205799926,
        "124.0": 0.11842861205799926,
        "125.0": 0.10658575085219933,
        "126.0": 0.10658575085219933,
        "127.0": 0.10658575085219933,
        "128.0": 0.10658575085219933,
        "129.0": 0.10658575085219933,
        "130.0": 0.07105716723479956,
        "131.0": 0.05921430602899963,
        "132.0": 0.05921430602899963,
        "133.0": 0.05921430602899963,
        "134.0": 0.04737144482319971,
        "135.0": 0.04737144482319971,
        "136.0": 0.04737144482319971,
        "137.0": 0.04737144482319971,
        "138.0": 0.03552858361739978,
        "139.0": 0.023685722411599854,
        "140.0": 0.023685722411599854,
        "141.0": 0.023685722411599854,
        "142.0": 0.023685722411599854,
        "143.0": 0.023685722411599854,
        "144.0": 0.023685722411599854,
        "145.0": 0.023685722411599854,
        "146.0": 0.023685722411599854,
        "147.0": 0.023685722411599854,
        "148.0": 0.023685722411599854,
        "149.0": 0.023685722411599854,
        "150.0": 0.023685722411599854,
        "151.0": 0.023685722411599854,
        "152.0": 0.011842861205799927,
        "153.0": 0.011842861205799927,
        "154.0": 0.011842861205799927,
        "155.0": 0.011842861205799927,
        "156.0": 0.011842861205799927,
        "157.0": 0.011842861205799927,
        "158.0": 0.011842861205799927,
        "159.0": 0.011842861205799927,
        "160.0": 0.011842861205799927,
        "161.0": 0.011842861205799927,
        "162.0": 0.0,
        "163.0": 0.0,
        "164.0": 0.0,
        "165.0": 0.0,
        "166.0": 0.0,
        "167.0": 0.0,
        "168.0": 0.0,
        "169.0": 0.0,
        "170.0": 0.0,
        "171.0": 0.0,
        "172.0": 0.0,
        "173.0": 0.0,
        "174.0": 0.0,
        "175.0": 0.0,
        "176.0": 0.0,
        "177.0": 0.0,
        "178.0": 0.0,
        "179.0": 0.0,
        "180.0": 0.0,
        "181.0": 0.0,
        "182.0": 0.0,
        "183.0": 0.0,
        "184.0": 0.0,
        "185.0": 0.0,
        "186.0": 0.0,
        "187.0": 0.0,
        "188.0": 0.0,
        "189.0": 0.0,
        "190.0": 0.0,
        "191.0": 0.0,
        "192.0": 0.0,
        "193.0": 0.0,
        "194.0": 0.0,
        "195.0": 0.0,
        "196.0": 0.0,
        "197.0": 0.0,
        "198.0": 0.0,
        "199.0": 0.0,
        "200.0": 0.0,
        "201.0": 0.0,
        "202.0": 0.0,
        "203.0": 0.0,
        "204.0": 0.0,
        "205.0": 0.0,
        "206.0": 0.0,
        "207.0": 0.0,
        "208.0": 0.0,
        "209.0": 0.0,
        "210.0": 0.0,
        "211.0": 0.0,
        "212.0": 0.0,
        "213.0": 0.0,
        "214.0": 0.0,
        "215.0": 0.0,
        "216.0": 0.0,
        "217.0": 0.0,
        "218.0": 0.0,
        "219.0": 0.0,
        "220.0": 0.0,
        "221.0": 0.0,
        "222.0": 0.0,
        "223.0": 0.0,
        "224.0": 0.0,
        "225.0": 0.0,
        "226.0": 0.0,
        "227.0": 0.0,
        "228.0": 0.0,
        "229.0": 0.0,
        "230.0": 0.0,
        "231.0": 0.0,
        "232.0": 0.0,
        "233.0": 0.0,
        "234.0": 0.0,
        "235.0": 0.0,
        "236.0": 0.0,
        "237.0": 0.0,
        "238.0": 0.0,
        "239.0": 0.0,
        "240.0": 0.0,
        "241.0": 0.0,
        "242.0": 0.0,
        "243.0": 0.0,
        "244.0": 0.0,
        "245.0": 0.0,
        "246.0": 0.0,
        "247.0": 0.0,
        "248.0": 0.0,
        "249.0": 0.0,
        "250.0": 0.0,
        "251.0": 0.0,
        "252.0": 0.0,
        "253.0": 0.0,
        "254.0": 0.0,
        "255.0": 0.0
    }
}
