{
    "maxes": {
        "CICADA_vXp2p0_teacher_score_adjusted": 139.61314392089844,
        "CICADA_v1p2p0_score": 255.99609375,
        "CICADA_v2p2p0_score": 255.99609375,
        "CICADA_vXp2p0N_teacher_score_adjusted": 156.0607452392578,
        "CICADA_v1p2p0N_score": 136.1171875,
        "CICADA_v2p2p0N_score": 255.99609375,
        "CICADA_vXp2p1_teacher_score_adjusted": 151.35247802734375,
        "CICADA_v1p2p1_score": 160.84375,
        "CICADA_v2p2p1_score": 255.99609375,
        "CICADA_vXp2p1N_teacher_score_adjusted": 155.8031463623047,
        "CICADA_v1p2p1N_score": 255.99609375,
        "CICADA_v2p2p1N_score": 186.796875,
        "CICADA_vXp2p2_teacher_score_adjusted": 146.65975952148438,
        "CICADA_v1p2p2_score": 255.99609375,
        "CICADA_v2p2p2_score": 255.99609375,
        "CICADA_vXp2p2N_teacher_score_adjusted": 150.82089233398438,
        "CICADA_v1p2p2N_score": 255.99609375,
        "CICADA_v2p2p2N_score": 255.99609375,
        "CICADA_v2p1p2": 255.99609375
    },
    "mins": {
        "CICADA_vXp2p0_teacher_score_adjusted": -69.3134994506836,
        "CICADA_v1p2p0_score": 0.0,
        "CICADA_v2p2p0_score": 0.0,
        "CICADA_vXp2p0N_teacher_score_adjusted": -44.60707473754883,
        "CICADA_v1p2p0N_score": 0.0,
        "CICADA_v2p2p0N_score": 0.0,
        "CICADA_vXp2p1_teacher_score_adjusted": -50.0,
        "CICADA_v1p2p1_score": 0.0,
        "CICADA_v2p2p1_score": 0.0,
        "CICADA_vXp2p1N_teacher_score_adjusted": -50.0,
        "CICADA_v1p2p1N_score": 0.0,
        "CICADA_v2p2p1N_score": 0.0,
        "CICADA_vXp2p2_teacher_score_adjusted": -60.37576675415039,
        "CICADA_v1p2p2_score": 0.0,
        "CICADA_v2p2p2_score": 0.0,
        "CICADA_vXp2p2N_teacher_score_adjusted": -29.830951690673828,
        "CICADA_v1p2p2N_score": 0.0,
        "CICADA_v2p2p2N_score": 0.0,
        "CICADA_v2p1p2": 0.0
    }
}