{"maxes": {"CICADA_vXp2p0_teacher_score_adjusted": 139.61314392089844, "CICADA_vXp2p0_teacher_score": 78.48523712158203, "CICADA_v1p2p0_score_delta": 200.56124877929688, "CICADA_v1p2p0_score_delta_abs": 200.56124877929688, "CICADA_v1p2p0_score": 255.99609375, "CICADA_v2p2p0_score_delta": 183.43165588378906, "CICADA_v2p2p0_score_delta_abs": 183.43165588378906, "CICADA_v2p2p0_score": 255.99609375, "CICADA_vXp2p0N_teacher_score_adjusted": 156.0607452392578, "CICADA_vXp2p0N_teacher_score": 131.22303771972656, "CICADA_v1p2p0N_score_delta": 90.83653259277344, "CICADA_v1p2p0N_score_delta_abs": 111.97109985351562, "CICADA_v1p2p0N_score": 136.1171875, "CICADA_v2p2p0N_score_delta": 191.5459747314453, "CICADA_v2p2p0N_score_delta_abs": 191.5459747314453, "CICADA_v2p2p0N_score": 255.99609375, "CICADA_vXp2p1_teacher_score_adjusted": 151.35247802734375, "CICADA_vXp2p1_teacher_score": 113.2689208984375, "CICADA_v1p2p1_score_delta": Infinity, "CICADA_v1p2p1_score_delta_abs": Infinity, "CICADA_v1p2p1_score": 160.84375, "CICADA_v2p2p1_score_delta": Infinity, "CICADA_v2p2p1_score_delta_abs": Infinity, "CICADA_v2p2p1_score": 255.99609375, "CICADA_vXp2p1N_teacher_score_adjusted": 155.8031463623047, "CICADA_vXp2p1N_teacher_score": 130.17092895507812, "CICADA_v1p2p1N_score_delta": Infinity, "CICADA_v1p2p1N_score_delta_abs": Infinity, "CICADA_v1p2p1N_score": 255.99609375, "CICADA_v2p2p1N_score_delta": Infinity, "CICADA_v2p2p1N_score_delta_abs": Infinity, "CICADA_v2p2p1N_score": 186.796875, "CICADA_vXp2p2_teacher_score_adjusted": 146.65975952148438, "CICADA_vXp2p2_teacher_score": 97.81884765625, "CICADA_v1p2p2_score_delta": 196.8569793701172, "CICADA_v1p2p2_score_delta_abs": 196.8569793701172, "CICADA_v1p2p2_score": 255.99609375, "CICADA_v2p2p2_score_delta": 190.1894989013672, "CICADA_v2p2p2_score_delta_abs": 190.1894989013672, "CICADA_v2p2p2_score": 255.99609375, "CICADA_vXp2p2N_teacher_score_adjusted": 150.82089233398438, "CICADA_vXp2p2N_teacher_score": 111.40286254882812, "CICADA_v1p2p2N_score_delta": 188.61355590820312, "CICADA_v1p2p2N_score_delta_abs": 188.61355590820312, "CICADA_v1p2p2N_score": 255.99609375, "CICADA_v2p2p2N_score_delta": 178.8329620361328, "CICADA_v2p2p2N_score_delta_abs": 178.8329620361328, "CICADA_v2p2p2N_score": 255.99609375}, "mins": {"CICADA_vXp2p0_teacher_score_adjusted": -69.3134994506836, "CICADA_vXp2p0_teacher_score": 0.11462987214326859, "CICADA_v1p2p0_score_delta": -122.05583953857422, "CICADA_v1p2p0_score_delta_abs": 1.1444091796875e-05, "CICADA_v1p2p0_score": 0.0, "CICADA_v2p2p0_score_delta": -73.90762329101562, "CICADA_v2p2p0_score_delta_abs": 0.0001373291015625, "CICADA_v2p2p0_score": 0.0, "CICADA_vXp2p0N_teacher_score_adjusted": -44.60707473754883, "CICADA_vXp2p0N_teacher_score": 0.24808816611766815, "CICADA_v1p2p0N_score_delta": -111.97109985351562, "CICADA_v1p2p0N_score_delta_abs": 0.0, "CICADA_v1p2p0N_score": 0.0, "CICADA_v2p2p0N_score_delta": -113.59652709960938, "CICADA_v2p2p0N_score_delta_abs": 1.52587890625e-05, "CICADA_v2p2p0N_score": 0.0, "CICADA_vXp2p1_teacher_score_adjusted": -Infinity, "CICADA_vXp2p1_teacher_score": 0.0, "CICADA_v1p2p1_score_delta": -73.9787368774414, "CICADA_v1p2p1_score_delta_abs": 0.0, "CICADA_v1p2p1_score": 0.0, "CICADA_v2p2p1_score_delta": -116.24519348144531, "CICADA_v2p2p1_score_delta_abs": 1.9073486328125e-06, "CICADA_v2p2p1_score": 0.0, "CICADA_vXp2p1N_teacher_score_adjusted": -Infinity, "CICADA_vXp2p1N_teacher_score": 0.0, "CICADA_v1p2p1N_score_delta": -70.88591003417969, "CICADA_v1p2p1N_score_delta_abs": 3.814697265625e-06, "CICADA_v1p2p1N_score": 0.0, "CICADA_v2p2p1N_score_delta": -137.15989685058594, "CICADA_v2p2p1N_score_delta_abs": 0.0, "CICADA_v2p2p1N_score": 0.0, "CICADA_vXp2p2_teacher_score_adjusted": -60.37576675415039, "CICADA_vXp2p2_teacher_score": 0.15156470239162445, "CICADA_v1p2p2_score_delta": -82.2352523803711, "CICADA_v1p2p2_score_delta_abs": 0.0, "CICADA_v1p2p2_score": 0.0, "CICADA_v2p2p2_score_delta": -70.85812377929688, "CICADA_v2p2p2_score_delta_abs": 3.24249267578125e-05, "CICADA_v2p2p2_score": 0.0, "CICADA_vXp2p2N_teacher_score_adjusted": -29.830951690673828, "CICADA_vXp2p2N_teacher_score": 0.3936798572540283, "CICADA_v1p2p2N_score_delta": -53.93037414550781, "CICADA_v1p2p2N_score_delta_abs": 1.1444091796875e-05, "CICADA_v1p2p2N_score": 0.0, "CICADA_v2p2p2N_score_delta": -84.78985595703125, "CICADA_v2p2p2N_score_delta_abs": 7.62939453125e-06, "CICADA_v2p2p2N_score": 0.0}}